Workbook

Sheet Tecnicos
A1: ID_Tecnico | B1: Nombre_Tecnico | C1: Nivel
A2: T01 | B2: Carlos Mendoza | C2: Experto
A3: T02 | B3: Sofía Rodas | C3: Senior
A4: T03 | B4: Juan Pérez | C4: Junior
A5: T04 | B5: Elena Gómez | C5: Senior
A6: T05 | B6: Luis Martínez | C6: Junior

Sheet Equipos
A1: ID_Equipo | B1: Tipo_Equipo | C1: Marca
A2: EQ01 | B2: Rayos X | C2: General Electric
A3: EQ02 | B3: Ultrasonido | C3: Philips
A4: EQ03 | B4: Monitor | C4: Mindray
A5: EQ04 | B5: Ventilador | C5: Dräger
A6: EQ05 | B6: Incubadora | C6: Siemens
A7: EQ06 | B7: Desfibrilador | C7: Zoll

Sheet Tipo_Mtto
A1: ID_Tipo | B1: Categoria | C1: Prioridad
A2: M01 | B2: Preventivo Programado | C2: Media
A3: M02 | B3: Correctivo | C3: Alta
A4: M03 | B4: Instalación | C4: Baja

Sheet Clientes
A1: ID_Cliente | B1: Nombre_Hospital | C1: Departamento
A2: C01 | B2: Hospital Nacional de Ahuachapán | C2: Ahuachapán
A3: C02 | B3: Hospital San Juan de Dios | C3: Santa Ana
A4: C03 | B4: Hospital Jorge Mazzini | C4: Sonsonate
A5: C04 | B5: Hospital Dr. Luis Edmundo Vásquez | C5: Chalatenango
A6: C05 | B6: Hospital San Rafael | C6: La Libertad
A7: C06 | B7: Hospital Nacional Rosales | C7: San Salvador
A8: C07 | B8: Hospital de Cojutepeque | C8: Cuscatlán
A9: C08 | B9: Hospital Santa Teresa | C9: La Paz
A10: C09 | B10: Hospital de Sensuntepeque | C10: Cabañas
A11: C10 | B11: Hospital Santa Gertrudis | C11: San Vicente
A12: C11 | B12: Hospital de Usulután | C12: Usulután
... A15: C14 | B15: Hospital de La Unión | C15: La Unión

Sheet Ordenes_Servicio
A1: ID_Orden | B1: Fecha | C1: ID_Cliente | D1: ID_Equipo | E1: ID_Tecnico | F1: ID_Tipo | G1: Costo_Reparacion | H1: Horas_Trabajadas | I1: Ubicacion | J1: Nombre_Tecnico | K1: Nombre_Hospital | L1: Tipo_Equipo | M1: Categoria_mtto
A2: ORD-001 | B2: 45292 | C2: C02 | D2: EQ01 | E2: T03 | F2: M01 | G2: 1064 | H2: 3 | I2: {=_xlfn.XLOOKUP(C2, Clientes!A:A, Clientes!C:C) & ", El Salvador"} -> Santa Ana, El Salvador | J2: {=_xlfn.XLOOKUP(E2, Tecnicos!A:A, Tecnicos!B:B)} -> Juan Pérez | K2: {=_xlfn.XLOOKUP(C2, Clientes!A:A, Clientes!B:B)} -> Hospital San Juan de Dios | L2: {=_xlfn.XLOOKUP(D2, Equipos!A:A, Equipos!B:B)} -> Rayos X | M2: {=_xlfn.XLOOKUP(F2, Tipo_Mtto!A:A, Tipo_Mtto!B:B)} -> Preventivo Programado
A3: ORD-002 | B3: 45294 | C3: C11 | D3: EQ06 | E3: T05 | F3: M01 | G3: 1878 | H3: 1 | I3: {=_xlfn.XLOOKUP(C3, Clientes!A:A, Clientes!C:C) & ", El Salvador"} -> Usulután, El Salvador | J3: {=_xlfn.XLOOKUP(E3, Tecnicos!A:A, Tecnicos!B:B)} -> Luis Martínez | K3: {=_xlfn.XLOOKUP(C3, Clientes!A:A, Clientes!B:B)} -> Hospital de Usulután | L3: {=_xlfn.XLOOKUP(D3, Equipos!A:A, Equipos!B:B)} -> Desfibrilador | M3: {=_xlfn.XLOOKUP(F3, Tipo_Mtto!A:A, Tipo_Mtto!B:B)} -> Preventivo Programado
A4: ORD-003 | B4: 45298 | C4: C02 | D4: EQ02 | E4: T02 | F4: M03 | G4: 258 | H4: 9 | I4: {=_xlfn.XLOOKUP(C4, Clientes!A:A, Clientes!C:C) & ", El Salvador"} -> Santa Ana, El Salvador | J4: {=_xlfn.XLOOKUP(E4, Tecnicos!A:A, Tecnicos!B:B)} -> Sofía Rodas | K4: {=_xlfn.XLOOKUP(C4, Clientes!A:A, Clientes!B:B)} -> Hospital San Juan de Dios | L4: {=_xlfn.XLOOKUP(D4, Equipos!A:A, Equipos!B:B)} -> Ultrasonido | M4: {=_xlfn.XLOOKUP(F4, Tipo_Mtto!A:A, Tipo_Mtto!B:B)} -> Instalación
A5: ORD-004 | B5: 45304 | C5: C12 | D5: EQ06 | E5: T05 | F5: M02 | G5: 1052 | H5: 8 | I5: {=_xlfn.XLOOKUP(C5, Clientes!A:A, Clientes!C:C) & ", El Salvador"} -> San Miguel, El Salvador | J5: {=_xlfn.XLOOKUP(E5, Tecnicos!A:A, Tecnicos!B:B)} -> Luis Martínez | K5: {=_xlfn.XLOOKUP(C5, Clientes!A:A, Clientes!B:B)} -> Hospital San Juan de Dios | L5: {=_xlfn.XLOOKUP(D5, Equipos!A:A, Equipos!B:B)} -> Desfibrilador | M5: {=_xlfn.XLOOKUP(F5, Tipo_Mtto!A:A, Tipo_Mtto!B:B)} -> Correctivo
A6: ORD-005 | B6: 45305 | C6: C05 | D6: EQ01 | E6: T02 | F6: M03 | G6: 1881 | H6: 6 | I6: {=_xlfn.XLOOKUP(C6, Clientes!A:A, Clientes!C:C) & ", El Salvador"} -> La Libertad, El Salvador | J6: {=_xlfn.XLOOKUP(E6, Tecnicos!A:A, Tecnicos!B:B)} -> Sofía Rodas | K6: {=_xlfn.XLOOKUP(C6, Clientes!A:A, Clientes!B:B)} -> Hospital San Rafael | L6: {=_xlfn.XLOOKUP(D6, Equipos!A:A, Equipos!B:B)} -> Rayos X | M6: {=_xlfn.XLOOKUP(F6, Tipo_Mtto!A:A, Tipo_Mtto!B:B)} -> Instalación
A7: ORD-006 | B7: 45308 | C7: C03 | D7: EQ02 | E7: T03 | F7: M01 | G7: 529 | H7: 7 | I7: {=_xlfn.XLOOKUP(C7, Clientes!A:A, Clientes!C:C) & ", El Salvador"} -> Sonsonate, El Salvador | J7: {=_xlfn.XLOOKUP(E7, Tecnicos!A:A, Tecnicos!B:B)} -> Juan Pérez | K7: {=_xlfn.XLOOKUP(C7, Clientes!A:A, Clientes!B:B)} -> Hospital Jorge Mazzini | L7: {=_xlfn.XLOOKUP(D7, Equipos!A:A, Equipos!B:B)} -> Ultrasonido | M7: {=_xlfn.XLOOKUP(F7, Tipo_Mtto!A:A, Tipo_Mtto!B:B)} -> Preventivo Programado
A8: ORD-007 | B8: 45310 | C8: C06 | D8: EQ03 | E8: T05 | F8: M02 | G8: 327 | H8: 12 | I8: {=_xlfn.XLOOKUP(C8, Clientes!A:A, Clientes!C:C) & ", El Salvador"} -> San Salvador, El Salvador | J8: {=_xlfn.XLOOKUP(E8, Tecnicos!A:A, Tecnicos!B:B)} -> Luis Martínez | K8: {=_xlfn.XLOOKUP(C8, Clientes!A:A, Clientes!B:B)} -> Hospital Nacional Rosales | L8: {=_xlfn.XLOOKUP(D8, Equipos!A:A, Equipos!B:B)} -> Monitor | M8: {=_xlfn.XLOOKUP(F8, Tipo_Mtto!A:A, Tipo_Mtto!B:B)} -> Correctivo
A9: ORD-008 | B9: 45314 | C9: C09 | D9: EQ01 | E9: T04 | F9: M01 | G9: 2411 | H9: 5 | I9: {=_xlfn.XLOOKUP(C9, Clientes!A:A, Clientes!C:C) & ", El Salvador"} -> Cabañas, El Salvador | J9: {=_xlfn.XLOOKUP(E9, Tecnicos!A:A, Tecnicos!B:B)} -> Elena Gómez | K9: {=_xlfn.XLOOKUP(C9, Clientes!A:A, Clientes!B:B)} -> Hospital de Sensuntepeque | L9: {=_xlfn.XLOOKUP(D9, Equipos!A:A, Equipos!B:B)} -> Rayos X | M9: {=_xlfn.XLOOKUP(F9, Tipo_Mtto!A:A, Tipo_Mtto!B:B)} -> Preventivo Programado
A10: ORD-009 | B10: 45316 | C10: C10 | D10: EQ03 | E10: T05 | F10: M01 | G10: 434 | H10: 1 | I10: {=_xlfn.XLOOKUP(C10, Clientes!A:A, Clientes!C:C) & ", El Salvador"} -> San Vicente, El Salvador | J10: {=_xlfn.XLOOKUP(E10, Tecnicos!A:A, Tecnicos!B:B)} -> Luis Martínez | K10: {=_xlfn.XLOOKUP(C10, Clientes!A:A, Clientes!B:B)} -> Hospital Santa Gertrudis | L10: {=_xlfn.XLOOKUP(D10, Equipos!A:A, Equipos!B:B)} -> Monitor | M10: {=_xlfn.XLOOKUP(F10, Tipo_Mtto!A:A, Tipo_Mtto!B:B)} -> Preventivo Programado
A11: ORD-010 | B11: 45322 | C11: C04 | D11: EQ03 | E11: T01 | F11: M01 | G11: 563 | H11: 7 | I11: {=_xlfn.XLOOKUP(C11, Clientes!A:A, Clientes!C:C) & ", El Salvador"} -> Chalatenango, El Salvador | J11: {=_xlfn.XLOOKUP(E11, Tecnicos!A:A, Tecnicos!B:B)} -> Carlos Mendoza | K11: {=_xlfn.XLOOKUP(C11, Clientes!A:A, Clientes!B:B)} -> Hospital Dr. Luis Edmundo Vásquez | L11: {=_xlfn.XLOOKUP(D11, Equipos!A:A, Equipos!B:B)} -> Monitor | M11: {=_xlfn.XLOOKUP(F11, Tipo_Mtto!A:A, Tipo_Mtto!B:B)} -> Preventivo Programado
A12: ORD-011 | B12: 45326 | C12: C09 | D12: EQ01 | E12: T01 | F12: M01 | G12: 551 | H12: 6 | I12: {=_xlfn.XLOOKUP(C12, Clientes!A:A, Clientes!C:C) & ", El Salvador"} -> Cabañas, El Salvador | J12: {=_xlfn.XLOOKUP(E12, Tecnicos!A:A, Tecnicos!B:B)} -> Carlos Mendoza | K12: {=_xlfn.XLOOKUP(C12, Clientes!A:A, Clientes!B:B)} -> Hospital de Sensuntepeque | L12: {=_xlfn.XLOOKUP(D12, Equipos!A:A, Equipos!B:B)} -> Rayos X | M12: {=_xlfn.XLOOKUP(F12, Tipo_Mtto!A:A, Tipo_Mtto!B:B)} -> Preventivo Programado
A13: ORD-012 | B13: 45331 | C13: C05 | D13: EQ01 | E13: T03 | F13: M03 | G13: 1346 | H13: 10 | I13: {=_xlfn.XLOOKUP(C13, Clientes!A:A, Clientes!C:C) & ", El Salvador"} -> La Libertad, El Salvador | J13: {=_xlfn.XLOOKUP(E13, Tecnicos!A:A, Tecnicos!B:B)} -> Juan Pérez | K13: {=_xlfn.XLOOKUP(C13, Clientes!A:A, Clientes!B:B)} -> Hospital San Rafael | L13: {=_xlfn.XLOOKUP(D13, Equipos!A:A, Equipos!B:B)} -> Rayos X | M13: {=_xlfn.XLOOKUP(F13, Tipo_Mtto!A:A, Tipo_Mtto!B:B)} -> Instalación
... A351: ORD-350 | B351: 46479 | C351: C10 | D351: EQ06 | E351: T04 | F351: M03 | G351: 598 | H351: 2 | I351: {=_xlfn.XLOOKUP(C351, Clientes!A:A, Clientes!C:C) & ", El Salvador"} -> San Vicente, El Salvador | J351: {=_xlfn.XLOOKUP(E351, Tecnicos!A:A, Tecnicos!B:B)} -> Elena Gómez | K351: {=_xlfn.XLOOKUP(C351, Clientes!A:A, Clientes!B:B)} -> Hospital Santa Gertrudis | L351: {=_xlfn.XLOOKUP(D351, Equipos!A:A, Equipos!B:B)} -> Desfibrilador | M351: {=_xlfn.XLOOKUP(F351, Tipo_Mtto!A:A, Tipo_Mtto!B:B)} -> Instalación
